{"cameraMode":{"drawMode":0,"name":"Shaded","section":"Shading Mode"},"sceneLighting":true,"audioPlay":false,"sceneViewState":{"m_AlwaysRefresh":false,"showFog":true,"showSkybox":false,"showFlares":true,"showImageEffects":true,"showParticleSystems":true,"showVisualEffectGraphs":true,"m_FxEnabled":true},"in2DMode":false,"pivot":{"x":0.008999824523925782,"y":0.018000125885009767,"z":0.10699987411499024},"rotation":{"x":-0.006779784802347422,"y":0.7585477232933044,"z":-0.008015676401555539,"w":-0.6513627767562866},"size":12.12435531616211,"orthographic":false}